original_imei,original_plate,original_vid,test_imei,test_plate,spec_id,protocol,dev_type,base_type,obd_attached,groups,tags
866308064393788,AY75PXJ,1497657977409110016,866308061027751,MK75PXJ,1472193057976745984,SAE J1939,obd,obd,true,"Haydock Depot","for_deployment|adblue_enabled|good_odometer|vehicle_verified|fuel_level_enabled"
866308064409881,BD24MXW,1535689965755695104,866308061764833,MK24MXW,1525103768251662336,AUTO, ISO 15765-4,obd,obd,true,"Lancaster Way Depot","for_deployment|fuel_level_enabled|adblue_enabled|vehicle_verified|good_odometer"
866308064409816,AY76RDZ,1548727367717879808,866308064768088,MK76RDZ,1472193057976745984,,obd,obd,true,"","fuel_level_enabled|adblue_enabled"
866308064408024,AY26PNO,1548727255516053504,866308065502064,MK26PNO,1472193057976745984,SAE J1939,obd,obd,true,"Haydock Depot","for_deployment|fuel_level_enabled|adblue_enabled|good_odometer"
866308064409402,AY75PXH,1497648638841585664,866308060185709,MK75PXH,1472193057976745984,SAE J1939,obd,obd,true,"Haydock Depot","for_deployment|adblue_enabled|good_odometer|vehicle_verified|fuel_level_enabled"
866308064390602,AY74ULE,1535690443373674496,866308060277944,MK74ULE,1472202160736305152,SAE J1939,obd,obd,true,"Lancaster Way Depot","for_deployment|fuel_level_enabled|good_odometer|adblue_enabled|vehicle_verified"
866308064386378,AY74ULC,1535690224808493056,866308068006683,MK74ULC,1525121191004602368,SAE J1939,obd,obd,true,"Lancaster Way Depot","for_deployment|fuel_level_enabled|adblue_enabled|good_odometer|vehicle_verified"
866308064409972,AY25TXE,1500871076480024576,866308069347805,MK25TXE,1472193057976745984,SAE J1939,obd,obd,true,"Haydock Depot","adblue_enabled|fuel_level_enabled|vehicle_verified|good_odometer"
866308064408636,AY74ULD,1500887594831970304,866308068410778,MK74ULD,1472193057976745984,SAE J1939,obd,obd,true,"Lancaster Way Depot","for_deployment|adblue_enabled|good_odometer|vehicle_verified|fuel_level_enabled"
866308064407984,BF72VNY,1535689449919217664,866308064943145,MK72VNY,613725184867704832,AUTO, ISO 15765-4,obd,obd,true,"Lancaster Way Depot","for_deployment|fuel_level_enabled|adblue_enabled|odo_fuel_issue|vehicle_verified|good_odometer"
866308064409774,AY25TXF,1500891326235803648,866308069713956,MK25TXF,1525121191004602368,SAE J1939,obd,obd,true,"Lancaster Way Depot","for_deployment|adblue_enabled|good_odometer|fuel_level_enabled|vehicle_verified"
866308064409824,AY25TVW,1500891591005437952,866308065261646,MK25TVW,1539973394777243648,SAE J1939,obd,obd,true,"Haydock Depot","for_deployment|fuel_level_enabled|adblue_enabled|good_odometer|vehicle_verified"
866308064410152,BF72VNX,1535689122524430336,866308068278555,MK72VNX,613725184867704832,AUTO, ISO 15765-4,obd,obd,true,"Lancaster Way Depot","for_deployment|fuel_level_enabled|adblue_enabled|odo_fuel_issue|vehicle_verified|good_odometer"
866308064407851,AY26PNU,1548727312537616384,866308067533331,MK26PNU,1472193057976745984,SAE J1939,obd,obd,true,"Haydock Depot","for_deployment|fuel_level_enabled|adblue_enabled|good_odometer|vehicle_verified"
866308064408339,AY26PNN,1558283181730299904,866308065444242,MK26PNN,1550120491463737344,SAE J1939,obd,obd,true,"Lancaster Way Depot","fuel_level_enabled|adblue_enabled|good_odometer|vehicle_verified"
866308064407430,AY26PNK,1548726968294309888,866308068402494,MK26PNK,1550120491463737344,SAE J1939,obd,obd,true,"Haydock Depot","good_odometer|fuel_level_enabled|adblue_enabled|vehicle_verified"
866308064408198,AY25TXG,1500891517517037568,866308061728770,MK25TXG,1472193057976745984,SAE J1939,obd,obd,true,"Haydock Depot","for_deployment|good_odometer|adblue_enabled|fuel_level_enabled|vehicle_verified"
866308064409527,AY75PXL,1500891453226745856,866308067689166,MK75PXL,1472193057976745984,SAE J1939,obd,obd,true,"Haydock Depot","for_deployment|good_odometer|adblue_enabled|vehicle_verified|fuel_level_enabled"
866308064411366,AY26PNJ,1548726889533669376,866308060028024,MK26PNJ,1550120491463737344,SAE J1939,obd,obd,true,"Haydock Depot","for_deployment|fuel_level_enabled|good_odometer|adblue_enabled|vehicle_verified"
866308064406895,AY21UPZ,1528073237664104448,866308060226958,MK21UPZ,1472202160736305152,SAE J1939,obd,obd,true,"Lancaster Way Depot","good_odometer|adblue_enabled|vehicle_verified|fuel_level_enabled"
866308064408685,AY24UFM,1500891862225911808,866308063595201,MK24UFM,1472202160736305152,SAE J1939,obd,obd,true,"Haydock Depot","for_deployment|fuel_level_enabled|adblue_enabled|good_odometer|vehicle_verified"
867624068927424,AY26PNZ,1548727203389243392,867624069096401,MK26PNZ,1472202160736305152,SAE J1939,obd,obd,true,"Lancaster Way Depot","adblue_enabled|good_odometer|vehicle_verified|fuel_level_enabled"
869305070952026,AY74ULB,1500891256782323712,869305078631705,MK74ULB,1472193057976745984,SAE J1939,obd,obd,true,"Lancaster Way Depot","for_deployment|good_odometer|adblue_enabled|vehicle_verified|fuel_level_enabled"
869305070947083,AY74ULA,1500887953801478144,869305074205843,MK74ULA,1472193057976745984,SAE J1939,obd,obd,true,"Lancaster Way Depot","for_deployment|adblue_enabled|good_odometer|vehicle_verified|fuel_level_enabled"
869305070946820,AY75PXK,1500891390618370048,869305075126600,MK75PXK,1472193057976745984,SAE J1939,obd,obd,true,"Haydock Depot","for_deployment|good_odometer|adblue_enabled|vehicle_verified|fuel_level_enabled"
869305070258697,AY26PNL,1548727072803782656,869305070848521,MK26PNL,1525121191004602368,SAE J1939,obd,obd,true,"Lancaster Way Depot","good_odometer|fuel_level_enabled|for_deployment|adblue_enabled|vehicle_verified"
869305070951051,AY26PNE,1548488718938013696,869305074633291,MK26PNE,1550120491463737344,SAE J1939,obd,obd,true,"Haydock Depot","fuel_level_enabled|good_odometer|adblue_enabled|vehicle_verified"
869305070951416,AY26PNX,1548727140986388480,869305072039590,MK26PNX,1550146930837815296,SAE J1939,obd,obd,true,"Haydock Depot","good_odometer|fuel_level_enabled|adblue_enabled|OBD_fuel_compatible|vehicle_verified"
866308062720016,AY26PNF,1548726809686704128,866308060737830,MK26PNF,1550120491463737344,SAE J1939,obd,obd,true,"Lancaster Way Depot","for_deployment|fuel_level_enabled|good_odometer|adblue_enabled|vehicle_verified"
